{
    "features": 1773.3656153678894,
    "process_features_model_1_pred_0": 3.308337926864624,
    "predict_and_compile_model_1_pred_0": 111.16790175437927,
    "relax_model_1_pred_0": 20.906090259552002,
    "process_features_model_2_pred_0": 1.377427577972412,
    "predict_and_compile_model_2_pred_0": 101.24664688110352,
    "relax_model_2_pred_0": 8.008713006973267,
    "process_features_model_3_pred_0": 1.131500482559204,
    "predict_and_compile_model_3_pred_0": 74.48594355583191,
    "relax_model_3_pred_0": 10.763850450515747,
    "process_features_model_4_pred_0": 1.225550651550293,
    "predict_and_compile_model_4_pred_0": 74.25507855415344,
    "relax_model_4_pred_0": 7.999295711517334,
    "process_features_model_5_pred_0": 1.1762754917144775,
    "predict_and_compile_model_5_pred_0": 74.50382256507874,
    "relax_model_5_pred_0": 8.158762454986572
}