{
    "plddts": {
        "model_1_pred_0": 94.84078401007764,
        "model_2_pred_0": 95.21858227149815,
        "model_3_pred_0": 94.74754357642863,
        "model_4_pred_0": 95.4072696709621,
        "model_5_pred_0": 94.27978590423197
    },
    "order": [
        "model_4_pred_0",
        "model_2_pred_0",
        "model_1_pred_0",
        "model_3_pred_0",
        "model_5_pred_0"
    ]
}