{
    "features": 1155.7871947288513,
    "process_features_model_1_pred_0": 2.6086997985839844,
    "predict_and_compile_model_1_pred_0": 108.9856116771698,
    "relax_model_1_pred_0": 22.699458360671997,
    "process_features_model_2_pred_0": 1.325441837310791,
    "predict_and_compile_model_2_pred_0": 96.23893642425537,
    "relax_model_2_pred_0": 8.700485706329346,
    "process_features_model_3_pred_0": 1.110358476638794,
    "predict_and_compile_model_3_pred_0": 70.88980555534363,
    "relax_model_3_pred_0": 11.43367886543274,
    "process_features_model_4_pred_0": 1.1402661800384521,
    "predict_and_compile_model_4_pred_0": 70.47164463996887,
    "relax_model_4_pred_0": 8.708182334899902,
    "process_features_model_5_pred_0": 1.1641831398010254,
    "predict_and_compile_model_5_pred_0": 70.4699764251709,
    "relax_model_5_pred_0": 8.487455368041992
}