{
    "plddts": {
        "model_1_pred_0": 94.93267552479374,
        "model_2_pred_0": 95.13045296660957,
        "model_3_pred_0": 94.65415906670201,
        "model_4_pred_0": 95.41084571793607,
        "model_5_pred_0": 94.72989289322952
    },
    "order": [
        "model_4_pred_0",
        "model_2_pred_0",
        "model_1_pred_0",
        "model_5_pred_0",
        "model_3_pred_0"
    ]
}