{
    "features": 1206.470516204834,
    "process_features_model_1_pred_0": 2.882770299911499,
    "predict_and_compile_model_1_pred_0": 99.45790028572083,
    "relax_model_1_pred_0": 20.620309352874756,
    "process_features_model_2_pred_0": 1.171612024307251,
    "predict_and_compile_model_2_pred_0": 87.14010214805603,
    "relax_model_2_pred_0": 8.02522587776184,
    "process_features_model_3_pred_0": 0.9756565093994141,
    "predict_and_compile_model_3_pred_0": 64.17370367050171,
    "relax_model_3_pred_0": 11.131047010421753,
    "process_features_model_4_pred_0": 1.0669622421264648,
    "predict_and_compile_model_4_pred_0": 64.70077872276306,
    "relax_model_4_pred_0": 8.352203607559204,
    "process_features_model_5_pred_0": 1.0034704208374023,
    "predict_and_compile_model_5_pred_0": 63.108354568481445,
    "relax_model_5_pred_0": 8.804481506347656
}